"id","task","condition","ocd-help","ocd-performance","ocd-productivity","ocd-effectiveness","ocd-easiness","ocd-usefulness","learn-ocd","ocd-tasks-help","ocd-interaction","ocd-skills","ocd-debugging","ocd-use","ocd-future","ocd-over-classical","education","job-position","program-exp","pharo-exp","code-frequency","pharo-frequency","debugger-familiarity","debugger-ocd-familarity","correctness","validity","time_in_seconds","answer","actions","task-easiness","task-length","task-interruption","bug-found","bug-description","debugger-help","debugger-enjoy","debugger-efficient","debugger-intuitive","debugger-easiness","debugger-learn"
"User-70721c71-20d5-0d00-a35f-0b230f90ea5645210598000000","Lights Out","control","0","0","0","0","0","0","0","0","0","0","0","0","0","0","0","5","0","0","0","0","0","0","1","1","2610","offcolor = onColorposition: was overloaded and had the setter, so removed that.used the cell inspector to find that the colors where the same and then spent some time finding the mutator of the value","101","0","0","0","0","","0","0","0","0","0","0"
"User-88a6276f-6bd5-0d00-a386-0d050eac3a2a50500325000000","Lights Out","control","3","3","2","3","3","3","3","0","0","0","0","0","0","0","3","1","3","1","4","4","3","3","0","2","362","","4","3","3","0","2","","0","0","0","0","0","0"
"User-a2904209-ccc2-0d00-9778-6c840e6ed7ae51481712831000","Lights Out","control","4","4","4","4","4","4","3","4","4","3","3","4","3","2","2","2","5","4","4","4","5","4","1","1","904","One of the corner switches could not be switched on because the method LOCell >> #position contains logic to set the ""on"" color to the ""off"" color when the position of a LOCell was requested to change to a new point.I fixed the bug by removing the method.","56","3","3","1","1","One of the corner switches could not be switched on because the method LOCell >> #position contains logic to set the ""on"" color to the ""off"" color when the position of a LOCell was requested to change to a new point.I fixed the bug by removing the method.","3","4","5","5","4","4"
"User-20d31f99-86c4-0d00-a363-69a60df93b8251470900000000","Ammolite","control","5","4","4","5","3","4","5","4","5","4","5","5","5","3","4","2","5","4","3","3","5","2","1","1","1060","Student datas are wrong for Adèle, there is a mistake space character in near the '+' marker. Fix it by editing student datas list in Magenta>>students  (remove the space).","67","4","4","5","1","wrong data set with a not necessary space character","2","4","3","2","2","0"
"User-4a048f49-eec8-0d00-89f7-047b0e96ebda52859119709000","Ammolite","control","0","0","0","0","0","0","0","0","0","0","0","0","0","0","5","2","5","5","2","2","4","4","1","1","2186","because of trailing white space into the data 'Adèle +<space>'Fix: I removed this space.One could implement data sanitization.","105","3","0","0","2","","0","0","0","0","0","0"
"User-ed55061c-3ec9-0d00-a350-948600bad96b50092571130000","Lights Out","control","4","4","3","4","4","4","5","4","4","4","4","4","4","4","5","2","4","1","4","1","4","4","1","1","1434","In the class superclass of LoCell, there were a method getCorner and setCorner that randomly pointed to one of the corners of the grid in the class variabl corner. To fix the bug, I just deleted the part of the code in the instance method position: where it assigned the off color value to the onColor variable of thie designated corner.","12","3","3","5","1","There was a method that assigned the off color vallue to the onColor variable in one corner chosen at random","1","3","0","0","0","3"
"User-30fea0eb-a9ce-0d00-a302-90c20599b4b549095230000000","Lights Out","control","4","4","4","3","5","4","4","3","3","3","2","3","4","3","3","1","3","1","3","3","2","1","1","1","2792","The oncolor was changed during launching in position: function, i disabled that part of the code.","330","3","3","5","1","The oncolor was changed to disble for certains corners during the launch of the game","2","3","2","2","3","3"
"User-c8a391b2-37c4-0d00-a3a8-58c20cf6a8a136595373000000","Ammolite","control","3","3","3","3","4","5","5","3","4","4","5","5","4","3","5","3","5","4","4","2","5","3","1","1","1444","The level marker had a space after it ('+ ') for the 3rd instance of Adèle. Removing that space fixes the bug (or alternatively, using some ""starts with"" logic could fix it, etc.","13","3","2","5","1","The marker for Adèle 3 had a space after the + character. The logic to display the marker didn't expect that space to be there (the space was not easily visible in the GUI).","5","5","3","3","4","4"
"User-db760d46-7fc9-0d00-97ab-324f019c690156370555628000","Ammolite","control","3","4","4","4","4","5","5","4","4","4","5","5","5","3","5","2","4","4","3","2","5","3","1","1","1433","Because the marker of this student have an additional space at the end of the string marker. ""+ "". There is an if that compare with ""+"" without space.","28","4","2","5","1","the bug was that the student mark has an additional space at the end ""+ "". The the object that diplay the name was fixed to consider ""+"" without space.","2","4","4","5","5","4"
"User-4668c96e-89c5-0d00-9783-d8cd0cfee47536357123175000","Lights Out","control","4","5","4","4","2","4","3","3","2","3","3","3","4","3","5","3","5","5","2","2","2","1","1","1","2023","I was not able to fix it.I only put break point on the corner. However, the behavior was the same for each corner.","165","2","4","5","2","","0","0","0","0","0","0"
"User-a5ec8da3-59c3-0d00-97f2-7c7d0387d14954860731588000","Ammolite","control","4","4","4","3","4","5","4","4","4","4","4","4","4","4","3","2","5","4","4","4","5","4","1","1","850","Because student marker =  '+ 'then( {'+'. '-'} includes: '+ ') = falseI fixed in the input string, but the correct fix should be in the reader, cleanning the input. or in the setter methods","29","4","3","1","1","'+ ', input error, the string contains an space","5","4","3","4","4","4"
"User-797cb9cf-cbc2-0d00-bf5d-5fd300a131d550516427928000","Ammolite","control","3","4","4","3","3","4","3","3","3","3","4","4","4","3","4","1","3","2","4","4","3","2","1","1","1984","Because one marker of 'Adèle' is '+ ' instead of '+'. So we need to sanitize this string with trim to perform includes check.","138","3","3","5","1","add trim after student marker to remove extra spaces","5","4","4","3","4","4"
"User-6718ec4f-68d5-0d00-97ab-324f0b82b46037091426440000","Ammolite","control","4","5","4","4","4","4","3","2","3","2","4","4","5","4","2","1","4","1","4","4","3","2","1","1","812","the marker contained an additional space, i removed it in the students methods of the AmmoliteMagenta class","6","4","3","5","2","","0","0","0","0","0","0"
"User-3be792df-76cc-0d00-9fc8-c6090b042d0c","Lights Out","control","4","5","4","5","4","5","4","4","4","4","4","3","5","5","5","2","5","3","3","3","4","4","1","1","560","La variable onColor etait ponctuellement basculée sur offColor si la position est un corner... du coup on mettait bien la led à on mais la mauvaise couleur était affichée","10","4","3","2","1","The wrong color is affected to onColor lors de la mise à sa position de la led","2","2","3","4","3","3"
"User-d8e0d7a9-bfcf-0d00-a211-ad1e08c6c53a32392439000000","Ammolite","control","0","0","0","0","0","0","0","0","0","0","0","0","0","0","0","5","0","0","0","0","0","0","1","2","5746","the marker of the last student named Adèle has composed of a symbol and space.Basically the normal marker form is '+' or  '-'  nothing.The last Adèle marker form is '+_'To display it we have to add this possibility in the textPrintStudent:on: message","94","0","0","0","0","","0","0","0","0","0","0"
"User-c858d77f-68d5-0d00-a2e8-563b02f2370637895373000000","Ammolite","control","4","3","3","3","4","4","5","4","4","4","4","4","3","3","1","1","2","1","3","3","4","4","1","1","782","The marker of the last Adele had 2 characters instead of just one, a newline was added. So I remove the newline in the students method","5","5","1","5","2","","0","0","0","0","0","0"
"User-f81d38e9-94c6-0d00-a366-70890de9714f61967467000000","Lights Out","control","4","4","0","4","4","5","4","4","4","5","3","4","5","3","5","2","4","4","4","4","5","4","1","1","1070","The onColor was overriden on the top right corner to the off color. Then it was never toggling the Switch morph since it is based on the colors to check the state.","134","2","4","5","1","position: was overriden in SimpleSwitchMorph and was creating a bad behavior","1","0","2","3","3","2"
"User-677a6b8d-e5c3-0d00-97dd-f81b09e8464350984796804000","Ammolite","control","5","5","5","5","5","5","4","4","4","4","3","4","4","5","4","1","3","2","2","2","3","4","2","1","1539","I inspected all Adèles in the list, all of them are similar. Same types and values for markers. I couldn't find any bug there.So I went to debug the generate button.I guess the error was in textPrintOn:  method called in  displayGroups . Didn't have time to fix it.","81","3","4","5","2","","2","2","0","0","0","0"
"User-d4113ed9-a0cf-0d00-a35a-a92e069a218e72843679224000","Ammolite","control","3","4","4","4","4","3","3","2","3","4","3","2","4","2","4","4","3","3","3","2","4","2","1","1","1493","In AmmoliteMagenta>>students, one of the Adele had a space character after the +. I removed it, it could be possible to make the code more ribust and handle the case but I am too lazy.","75","3","4","0","2","","0","0","0","0","0","0"
"User-edde0eca-1dcd-0d00-b200-9f960bcb667c75724956418000","Lights Out","control","4","4","4","4","4","4","4","4","3","4","5","4","4","3","4","1","3","2","3","1","4","2","1","1","1376","The SimpleSwitchMorph>>position: method was changing the onColor attribute of one of the corner cells incorrectly. Removing it and therefore only calling the superclass version makes it work!","71","2","4","5","1","The bug was hidden in the superclass of the LOCell, inside the SimpleSwitchMorph>>position: method where it incorrectly sets the onColor instance variable to the offColor. This behavior was only triggered when SimpleSwitchMorph>>getCorner  was triggered.","2","2","2","2","3","3"
"User-d135f8ad-c8c8-0d00-9770-af7c0785edc264134978024000","Ammolite","control","0","0","0","0","0","0","0","0","0","0","0","0","0","0","5","2","3","2","2","1","4","3","1","2","6946","When the list of students is read from the disk, some of the markers had extra character (space).  To fix this, I transformed the list of students by trimming the markers.","227","1","4","4","1","I think the bug was the extra characters in the marker and the way markers were compared in markerP and markerL. Due to extra space the object was not the same. I modified first the marker comparision apis (markerP and markerL) as I thought the way compairsion was done was incorrect. However, after some time I realiazed that it is the extra characters in the marker from the disk itself. Afterwards, I modified the student object to have trimmed markers.","3","3","4","0","4","0"
"User-b080bbae-3ec2-0d00-9789-92620071d4da49172523202000","Ammolite","control","4","4","4","4","4","5","4","4","3","4","4","4","5","3","4","1","4","3","3","3","4","4","1","1","717","The marker of the last student named Adèle was not displayed in group lists because it was containing  '+ ' with a space after the plus instead of only the '+'.  The condition for displaying the marker was not met because it was not only + or -.If fixed that by removing the space at the end of the last 'Adèle + ' line  in AmmoliteMagenta class>>#students.","16","3","3","5","2","","0","0","0","0","0","0"
"User-b0617330-82c9-0d00-915f-d5280cb6f48861693038000000","Ammolite","control","4","4","3","4","4","4","4","4","4","4","4","4","4","3","4","5","0","0","0","0","0","0","1","2","10004","The root cause is that Adele's third record had a blank space after the Level +. This caused the marker property to have one more character in the object instance. This extra character causes a problem in rendering the object, so no value was displayed for this Adele object, not even the + character.I fixed it by adding trimRight to the AMGroup.textPrintStudent method, at which point the marker property is concatenated into a stream to be displayed in the listing.({ '+'. '-' } includes: student marker trimRight) ifFalse: [ ^ self ].This is certainly not the ideal way to fix the problem.The ideal way would be: (1) correct the data at the source (in the database), (2) add trimRight or trimBoth when loading the data when loading the Ammolite Magenta window, (3 - optional, maybe) correct the method that renders the string in the presentation of the groups.I didn't do the 1 because I don't have access to the data source.I didn't do the 2 because I believe the objective was to change the model and not the presenters.I didn't do the 3 because I didn't find the method that does this, I believe it's a kernel method.","47","1","5","2","1","The root cause is that Adele's third record had a blank space after the Level +. This caused the marker property to have one more character in the object instance. This extra character causes a problem in rendering the object, so no value was displayed for this Adele object, not even the + character.","2","2","2","4","3","4"
"User-3b005e64-80c7-0d00-b94e-79ac078c561536550861909000","Ammolite","control","5","5","5","4","4","5","5","3","3","5","4","4","5","3","5","2","5","5","4","3","5","3","1","1","766","The marker is a string and it was parsed from the file as '+ ', so later the comparison fails. I have added a #trimBoth in the loading of the file","56","5","2","0","2","","0","0","0","0","0","0"
"User-46f887ad-3ec2-0d00-977d-22a805762cb349152368731000","Lights Out","control","0","0","0","0","0","0","0","0","0","0","0","0","0","0","4","1","4","2","4","4","4","2","1","1","1376","The method `SimpleSwitchMorph >> #position:` runs some code to select a random corner cell and set its onColor to be the same as its offColor.Since this method only calls super besides making a cell buggy, I simply deleted it.","83","0","0","0","0","","0","0","0","0","0","0"
"User-1de21ead-3ec2-0d00-97a4-1e090a80823249145481782000","Lights Out","control","5","5","4","5","5","5","5","5","3","3","5","5","5","4","4","1","3","2","3","3","5","4","1","1","2036","One of the corner switches below couldn not be switched on because:- at each click, the block called was calling LOCell>>#switch: which would call LOCell>>#setSwicthState: which would call LOCell>>#turnOn that would set the color to the color contained inside the `onColor` instance variable- LOCell inherits from `SimpleSwitchMorph` which overrides the #position: method which sets the value of `onColor` to `offColor`and this method was called  by `SimpleSwitchMorph class>>#setCorner` that would choose one random corner I fixed that by: - putting `HaltOnce` several times in `LOPane>>#toggleCellAt:` because it looked like a good starting point, considering `LightsOutGame` only references this class. I did this 4 times for each corner and with steps, I could find the chain of methods that were called and inspect the instance variables `offColor` and `onColor` for each corner. I found out that one corner had the same value for `onColor` and `offColor`.- browsing methods writing the instance variable `onColor`. Then I just removed the problematic method `SimpleSwitchMorph>>#position:`","140","2","5","1","2","A method was setting for one random corner the same color for its `on` state and for its `off` state","2","1","2","2","1","3"
"User-49a0bc49-1bce-0d00-9d3d-737f01d881f441293775982000","Lights Out","control","5","5","5","5","2","5","5","5","5","5","5","5","5","3","5","2","3","3","4","3","4","4","1","1","2508","I created an inspector to check whether the light was on everytime I inspected a case.I noticed that it was always on for some cases.I checked whether onColor = offColor and found it was the case.I had the bug, just needed to find the root of it.I put checks in between every steps to minimize where I had to look.I ended up removing the code from position:  that was setting  a corner's color as the same ones","176","3","5","5","2","","0","0","0","0","0","0"
"User-9d1251a9-b9c5-0d00-97af-90d30f19b5d070697522874000","Lights Out","control","5","5","5","4","4","5","5","4","4","4","4","5","5","4","5","2","4","4","4","4","4","4","1","1","1087","There were three methods added to the SimpleSwitchMorph, which is the superclass of LOCell:SimpleSwitchMorph >> positionSimpleSwitchMorph class >> setCornerSimpleSwitchMorph class >> getCornerThose methods were selecting the random corner cell and assigning onColor equal to offColor.I removed all three methods and now the bug is fixed","7","4","3","5","1","There were three extra methods added to the superclass that introduced the bug by setting onColor := offColor for a random corner cell. I found and removed those methods","1","3","3","3","3","3"
"User-48033f89-e5c3-0d00-980e-664608e6073f50914773851000","Ammolite","control","4","4","4","4","4","5","5","5","5","5","5","5","5","3","4","2","5","5","4","3","4","3","1","1","587","There was an extra space after the marker that was not taken into account when parsing to an AMStudent was done.I fixed by trimming the value read before setting it as the marker","24","5","2","5","1","extra-space in the marker not managed","2","3","4","3","4","3"
"User-da80524e-51c5-0d00-a36c-26ad0bccb39336494291261000","Lights Out","control","4","4","4","4","4","4","4","4","4","4","0","0","0","0","5","3","5","2","3","2","4","2","1","1","1620","SimpleSwitchMorph>>#position: has a special case that overwrite the onColor with the offColor one when the morph is in a corner. It's not clear if it's a Morph thing but to brutally overwrite the onColor ivar when setting a position seems really weird and seems to break the whole `color`, `onColor`, `offColor` thing of the SimpleSwitchMorph class.My proposal cooul be to remove SimpleSwitchMorph>>#position: and check what break :)","27","3","3","5","1","SimpleSwitchMorph>>#position: should not mess with colors (or should explain why)","2","3","3","3","3","3"
"User-88c7db9f-59c3-0d00-a375-3b550922954c54798725000000","Ammolite","control","4","4","4","4","3","4","4","3","4","3","4","3","5","4","4","2","2","2","4","4","4","2","1","1","1812","The marker of the last student named Adèle is not displayed because there is a white space in it and the method printing the marker looks for exact match with the string '+'.I fixed it by replacing the marker check with a more flexible instruction that checks if there is the character + or -  in the marker string.","14","4","3","5","1","There was an instruction checking if the marker of a student is '+' or '-'.  If not it does not print the marker. Since the last student named Adèle has a white space in his marker, it does not print the marker because it does not exactly match the string '+'.","3","4","4","2","3","4"
"User-4e433c85-91ca-0d00-aa6d-9641035f634539051626341000","Ammolite","control","2","3","3","3","3","2","2","2","2","3","3","3","3","3","4","2","4","3","3","3","3","2","1","1","1864","I seeked for sender of AMStudent>>marker:  setter, found that it is caused by wrong initialization from a stream, where each line (representing student) wasn't trimmed for white space. Therefore marker contained additional whitespace. I trimmed line in `AMStudent readFromDataString: studentDataString trimmed`  of #AmmoniteMagenta>>promotion method. It took me quite time...","23","2","4","1","1","Wrong initialization of student instance from a input stream (setting marker contained additional whitespace)","2","3","2","2","3","3"
"User-7281acc0-b8c2-0d00-979a-0c71039b487955059540360000","Ammolite","control","0","0","5","5","5","5","5","4","4","4","5","5","5","4","4","2","3","3","4","4","5","4","1","1","1015","In the dataset AmmoliteMagenta>>#students, there was a space taht should not have been there after teh '+' for the third Adèle.The easy way to fix that was to remove this space, which I did.In real life, I would have modified the code of Student to:- at least trim the level- maybe remove #marker: and rather add methods like #bePlus,  #beMinus or something like that and force their use to modify markers instead of a manual entry. That is a decision that must be taken by the developer.","38","5","1","5","2","In the dataset, the last Adèle's marker was followed by an unwanted space","5","3","4","3","4","3"
"User-1f32f500-ccc2-0d00-9775-6af803c5dc6351342424632000","Lights Out","control","4","4","4","5","4","4","5","5","4","5","4","5","5","3","4","2","4","4","4","4","5","3","1","1","588","The class SimpleSwitchMorph was changing the on color when setting the position of the switch in case it was a the corner returned by `self class getCorner`","50","4","2","5","1","The bug was that setting the position of a switch was changing the on color of the switch if the switch was in a specific corner","0","0","0","0","0","0"
"User-c87492df-76cc-0d00-9fc7-63b00b042d0c","Ammolite","control","5","5","5","5","4","5","4","4","4","4","4","4","5","5","4","2","3","2","4","4","4","2","1","1","1145","Dans AmmoliteMagenta>students, il y a un espace en trop à la fin de la description de la troisième étudiante : ""Adèle + "" il faudrait mettre ""Adèle +"" à la place.","97","1","4","1","1","","0","0","0","0","0","0"
"User-f17a1587-6bd5-0d00-97a4-78ba0ba7b10350901787395000","Lights Out","control","4","4","3","4","4","4","4","2","2","4","4","3","4","3","5","2","4","3","4","1","5","2","1","1","1145","a call to position: set the onColor to be the same as offColor. I noticed in the debugger that the two colors were the same. I tried putting a breakpoint when onColor was set but it hit too many times. I resorted to searching for references to onColor and findin where it was being set","53","3","2","1","1","","0","0","0","0","0","0"
"User-acd3b5e7-68d0-0d00-97af-90d30c72eda764479867837000","Lights Out","control","4","4","4","4","4","5","5","4","4","5","5","5","5","3","3","2","5","4","2","2","5","3","1","1","2283","SimpleSwitchMorph has an incorrect override of #position: which sets the colour of onColour to offColour. You need to remove this method","142","3","3","1","1","SimpleSwitchMorph has an incorrect override of the #position: method that changes the onColor value","2","4","4","4","2","4"
"User-d6e8c056-68d5-0d00-9799-60a00d27027937206036743000","Ammolite","control","0","0","0","0","0","0","0","0","0","0","0","0","0","0","0","5","0","0","0","0","0","0","2","2","3259","I did not finish thIS task because I cannot find the problem","51","0","0","0","0","","0","0","0","0","0","0"
"User-edb402d9-60c5-0d00-a353-ef9803b5560334845604104000","Lights Out","control","0","0","0","0","0","0","0","0","0","0","0","0","0","0","5","3","5","2","3","1","5","2","1","1","2354","SimpleSwitchMorph class >> setCorner chooses one corner at randomSimpleSwitchMorph >> position: set onColor = offColor for this corner","15","0","0","0","0","","0","0","0","0","0","0"
"User-f4646966-bad1-0d00-9797-058e0c7c40b152409543946000","Lights Out","control","4","4","3","3","4","4","4","3","4","3","4","4","4","3","5","2","5","5","3","1","2","2","1","1","1063","LOCell>>position: was overriden in SimpleSwitchMorph and was setting identical on/off colors for a corner cell determined by the class-side methods get/setCornerCell switching is done based on the color comparison in LOCell>>switch:Removing SimpleSwitchMorph>>position: fixes the bug","35","4","3","2","1","SimpleSwitchMorph>>position: was a malicious override that was setting the same color for on/off states. Because switching cells relies on color comparison, it doesn't work when both colors are the same","3","4","3","4","4","4"
"User-283eed8d-68d5-0d00-a31e-ceba0499997938131689000000","Ammolite","control","4","4","4","3","4","4","3","4","3","4","4","3","5","3","0","1","2","1","4","4","3","3","1","1","2739","The marker of the last student named Adèle was not displayed because there was a space after the marker. To fix the bug, I inspect this last student   I debug AmmoliteMagenta run. The correction is : To delete the space after the the marker of the last student: Adèle on the method students in AmmoliteMagenta","386","4","2","1","1","There was a space after the marker of the last student named Adèle","3","4","4","4","3","4"
"User-5517daad-4bcb-0d00-977c-cb0707d8367660996975463000","Ammolite","control","5","5","5","5","5","5","4","3","3","4","4","3","5","2","4","6","5","4","4","4","5","2","1","1","1279","there is a blank in the method AmmoliteMagenta>>students after the second Adele person.I fixed it by removing this blank.","151","4","3","5","2","","0","0","0","0","0","0"
"User-313917f6-f9c3-0d00-9ec8-096d01818d5034240228679000","Lights Out","control","5","5","5","5","5","5","5","4","5","5","5","5","5","5","5","2","5","4","4","4","5","1","1","1","884","there was a tricky position: that did onColor := offColor","72","4","3","1","1","There was a tricky position: doing onColor := offColor","3","3","4","2","2","3"
"User-ec6a83f8-cbc2-0d00-9781-d55b00cbdc0451200750337000","Lights Out","control","5","5","5","5","5","5","5","5","4","5","5","5","5","3","4","1","4","4","4","4","1","4","2","1","1633","By some reason that I was not able to determine, the onColor and offColor instances variables have the same color when initializing the game. This only happens in one border","171","2","4","0","2","","0","0","0","0","0","0"
"User-68b38256-ddc5-0d00-a374-8f8505bd550251127089000000","Lights Out","control","3","4","0","0","0","0","0","0","0","0","0","0","0","0","5","2","5","5","3","3","5","4","2","1","1765","I could not determine which is the buggy method. I believe it has something to do with the fact the cells in the corners are either the first or the last in their rows, and there are verifications for ""lesser than"" (<) or ""greater than"" (>) in different parts of the code. Maybe one of this verifications is making the first/last cell be ignored, and it could be fixed by using, for example, <=. However, this is only a hypotesis and I could not pintpoint where the change should be made.","104","3","2","0","2","","0","0","0","0","0","0"
"User-0ebb4b1c-5bc4-0d00-ad1a-fc190660dcb237493031713000","Lights Out","control","0","0","0","0","0","0","0","0","0","0","0","0","0","0","1","2","5","5","4","4","5","4","1","1","1022","because there was an incorrect assignment in SimpleSwitchMorph>>#position: aPoint	super position: aPoint.	""this is your bug :P 	 correct fix here would be just remove this override but I'll let it here as doc.""	""aPoint = self class getCorner ifTrue: [	onColor := offColor.	]""you can toggle, but you should never assign ""offColor"" to ""onColor""","65","4","1","0","2","","0","0","0","0","0","0"
"User-40188883-68d5-0d00-a323-84de0eac3a2a37957288000000","Ammolite","control","0","0","0","0","0","0","0","0","0","0","0","0","0","0","0","5","0","0","0","0","0","0","1","1","3140","the level marker of the last student named Adèle is not displayed in group lists becasue in the list of students there was a space after the marke for the last student named adèle so I deleted the space","173","0","0","0","0","","0","0","0","0","0","0"
"User-4de8796a-e5c3-0d00-97bc-03fe0147c8fc32398539898000","Ammolite","control","3","4","4","4","4","5","3","3","4","3","4","3","5","5","5","3","4","3","3","3","4","2","1","1","2617","The list of students extracted from the method AmmoliteMagenta class>>students is a string, where each student is placed in a line. Its mark is followed by a cr Character. One of the lines containing Adele's name had an extra space after Adele's mark and the cr. To solve the bug I just removed the extra space.","224","2","4","1","1","The bug is due to a format error in the input data that the application takes. To find the bug I had to place conditional halts and breakpoints to find where the student's name and mark were printed.","5","5","5","4","3","3"
"User-8ba7b35c-86c4-0d00-97ac-35c10e6ab31a50457178017000","Ammolite","control","3","3","3","4","4","4","3","3","4","4","4","4","3","2","Master in STEM","1","4","2","4","4","4","2","1","1","834","Because has an space after the + in the definition of students.I fixed it first by removing the space in the ""list"" of students.Then I added a `trim` to the AMGroup >> textPrintStudent: student on: stream method to avoid this problem in the future","25","4","2","5","1","The problem was an space after the ""+"" in the students list. Then a method in the group (AMGroup >> textPrintStudent: student on: stream) was performing a `{ '+'. '-' } includes: student marker` and with the space this is false.","3","3","4","4","4","3"
"User-fe792027-ddc5-0d00-979e-16c50059b22750332122641000","Ammolite","control","4","4","2","3","4","4","5","4","3","4","4","4","4","3","5","2","5","5","2","2","5","4","1","1","481","The data was wrong, the markers were strings, two of them were  just the + string '+', but the third one had a trailing space '+ '.I fixed it by trimming the data in the printing method.","13","4","1","5","1","A problem in the data. One of the fields was a string with a trailing space. The App was not robust enough for this case when printing the item in the screen.","2","5","5","3","5","5"
"User-4fe45db4-eac8-0d00-977d-76d803f7388a37471193188000","Ammolite","control","4","4","4","4","4","4","4","3","4","4","4","4","4","4","5","3","5","5","3","3","5","5","1","1","2718","The problem is that there is an extra space at the end of the the last Adèle in the students data, so the marker test in AMGroup>>#textPrintStudent: fails. The easy fix is to delete that space. A better fix would be to do some potential data cleaning in the AMStudent>>#marker: method.","108","3","3","1","1","There was an extra space in the data that led to one of the students having a ""marker"" that was not recognized.","5","2","2","2","2","3"
"User-8e85b65c-1dd6-0d00-978f-a0280f186fa537095099817000","Ammolite","control","5","5","5","5","5","5","4","4","5","3","5","5","5","5","3","1","3","1","4","4","2","1","1","1","1859","The marker of the last studen named Adèle was '+ ' and not '+', so the condition on the second line of the method AMGroup>>#textPrintStudent:on: returned falseI changed the marker of this student to fix that","52","3","2","5","1","the marker of the student had a space character after the '+'","3","2","3","2","2","2"
"User-d3ecf113-31c7-0d00-9799-73c10a7e295941499185381000","Ammolite","control","0","0","0","0","0","0","0","0","0","0","0","0","0","0","5","2","5","5","3","3","5","4","1","1","1366","textPrintStudent: student on: stream		student textPrintOn: stream.	student name = 'Adèle' ifTrue: [ self halt ].	({ '+'. '-' } includes: student marker) ifFalse: [ ^ self ].	stream space.	stream << student marker asString	Here the code checks for '+' but some adele have '+ ' instead of '+' in their markers.I fixed it just adding '+ ' to the list. Another approach would be to clean the students markers using a trimboth on the markers. It would be cleaner to my taste. After a moment and because I could not see something obvious in display code I did(AMStudent allInstances select: [ :each | each name = 'Adèle' ]) collect: [ :each | each marker ]","28","3","3","5","1","one adele object had '+ ' instead of '+' in its marker. I did not see it in the inspector in the first place. I spot super fast the place with the includes: but I could not see it because I got too many inspectors opened on the the three adele. So I started to frustrate :) so I started to forge the hypothesis that the bug was not in the code but in the data and then I decided to speed up and check if all the data was the same using (AMStudent allInstances select: [ :each | each name = 'Adèle' ]) collect: [ :each | each marker ]In the following I will consider that this expression is my debugging method. Because the debugger shows me fast that the code was not the problem.","2","4","5","3","5","5"
"User-d61e4734-65cf-0d00-97cb-266c0aefa03875872961273000","Lights Out","control","5","5","4","5","4","5","5","4","4","4","4","4","4","4","5","2","5","5","4","4","5","4","1","1","968","The issue was that the onColor was incorrectly set to offColor in SimpleSwitchMorph>>position:. When clicking on a corner the color was changed to the value of onColor, but that value was wrong. Deleting SimpleSwitchMorph>>position: fixed the issue.","89","4","2","5","1","The method SimpleSwitchMorph>>position: incorrectly set the value of onColor for corner cells","5","4","4","4","4","4"
"User-f0b88497-86c4-0d00-8baa-0d0709d93c5d51443958000000","Lights Out","control","4","5","4","4","4","5","3","4","4","3","4","4","5","2","4","4","3","2","3","3","4","3","2","1","2496","onColor and offColor are the same for one off the corner cell.In LoPane>>#newCellAt:, when the LoCell position is changed ""onColor"" take the value of ""offColor"" for some reason.","420","3","4","5","1","onColor and offColor are the same value for one corner.In the method #newCellAt: from LOPane. When cell position is changed, it also change the onColor for one of the corner","5","4","5","4","3","3"
"User-ee372e08-c3c4-0d00-9797-21750849ac5251832152083000","Ammolite","control","4","4","4","4","4","4","4","4","4","4","4","4","4","4","5","2","5","2","3","3","4","2","1","1","2942","The reading from file was reading a marker up to the end of line, which allowed passing malforming strings with several markers on it. I did a dirty fix taking only a first marker up to the next space.","77","4","4","1","1","Sorry, I didn't get the question. The type of the bug? What was the bug?","3","4","4","4","4","4"
"User-103bf7d7-c2c4-0d00-a2ee-64000be3a76d51023242000000","Ammolite","control","5","5","4","5","4","5","5","5","4","4","5","5","5","5","4","1","3","2","4","2","4","4","1","1","1778","because there was a space after the ""+"" of the last adèle, so to solve the problem I deleted the space, I could also have made the marker delete all the spaces","364","4","4","4","1","they have a space after the marker","2","1","3","4","4","4"
"User-89bf6836-78c9-0d00-a353-ef9804947ae740443331481000","Ammolite","control","3","3","3","3","3","3","3","3","3","3","3","3","3","3","5","2","4","4","4","4","2","1","1","1","687","The marker is '+ ' instead of just '+'. The fix sends `trim` to the marker before checking in AMGroup>>#textPrintStudent:on:","7","3","2","5","1","'+ ' marker instead of '+'","1","3","3","3","3","3"
"User-50f67874-57d5-0d00-a370-853104c02a3454690194000000","Ammolite","control","4","4","3","3","4","4","4","3","5","5","5","4","3","3","5","2","5","1","3","1","5","4","1","1","999","The method to print a student in the group, AMGroup>>textPrintStudent:on:, compares the student marker to a single character string, + or -. Other methods setting or using marker vary as to whether they expect a String or a Character. The Adèle in question has a string with a space at the end, so the simplest correction was just to remove the space from the string.","6","4","3","2","1","One Adèle had a marker with an extra space at the end. Code setting and using marker varied as to whether it expected a String or a Character, but I didn't see any that would filter spaces from a string, so the immediate problem seemed more to be in the data. Rewriting everything to be consistent (or to use something more object-oriented than a String or Character) seemed a bit big for a first task. As the problem was in data not code, I didn't use the debugger.","1","3","3","3","0","0"
"User-7fb0343f-94ce-0d00-9775-65a1008deb5a42408137881000","Lights Out","control","4","4","3","4","4","4","4","4","3","4","4","4","4","2","5","6","5","5","4","4","5","2","1","1","1233","Method SimpleSwitchMorph>>#position: had code that set the onColor instvar value to the offColor instvar value if self is the LOCell instance that is answered by SimpleSwitchMorph>>#getCorner. The method could be deleted because the rest of the code only did a super call.","5","5","1","1","1","SimpleSwitchMorph>>#position: had code to set the onColor to the offColor when it was the instance answered by SimpleSwitchMorph>>#getCorner.","1","3","4","4","4","4"
"User-4cc98245-aad6-0d00-97ff-43d8096a61b237496222143000","Lights Out","control","4","4","4","4","4","4","4","4","4","4","4","5","5","5","2","2","3","2","4","4","4","1","1","1","2776","One of the corner switches was not be able to be turned off because there was a bug in the position method called when initializing the cells. I was struggling to fix the bug, it was not easy for me I looked at everything but I ended up fixing it by relying on the tip given, to inspect the faulty cells. The only difference between a 'working' cell and a faulty one it was that the onColor and offColor were the same or not. I knew that that was not good, so I tried to look at where those values were to be set. And I found that in the position method there was an assigment","12","2","3","0","2","","0","0","0","0","0","0"
"User-d8595eb0-bcc7-0d00-a370-31010ddf2fc536323991000000","Ammolite","control","3","4","4","3","3","4","4","4","4","4","4","3","4","3","2","1","3","1","4","4","4","2","1","1","2413","The marker of the last student named Adèle was not displayed because her marker had a space in it and was '+ ' instead of '+'.I fixed it by triming the string of the student's marker  in the method `textPrintStudent: on:` in the class `AMGroup`.","29","4","4","5","2","","0","0","0","0","0","0"
"User-68c93724-6ec4-0d00-a364-c14701ee267c32830321000000","Lights Out","control","4","3","2","4","4","5","4","3","4","2","3","4","5","3","5","2","4","4","4","3","4","1","1","1","356","The variable onColor whas set to the same value as offColor in one cornerI search for usage of this variable using the ""Vars"" part of the browser. I first did not found the correct method because the problem was not in the main pane in LOCell class, but the in superclass SimpleSwitchMorphI used again the ""Vars part and discover lot of method using the variable, then I look at #position: and discover that this method had a strange behavior. In one case (I did not why/how), it modifies the value of onColor to assign offColor to it","5","4","3","2","1","The value of inst variable onColor was overriden incorrectly","1","3","3","3","3","3"
"User-efe2331e-c9d0-0d00-a347-7fde0ddb50df49310959356000","Lights Out","control","4","4","4","4","4","4","4","4","4","4","4","4","4","4","1","6","5","5","4","3","4","3","1","1","2105","SimpleSwitchMorph>>#position: refers to SimpleSwitchMorph class>>getCorner and sets a random corner to off.removing the method resolves the problem, as super position: will be called. Correctly removing it includes also removing the getCorner and setCorner methods, after verifying they have no senders","34","2","2","5","1","Code was added to SimpleSwitchMorph to induce an error. the #position: method was overridden. It was made less visible by separating the error inducing behavior over multiple methods, two of which were at the class side","1","2","2","2","2","2"
"User-03bf5062-bdc3-0d00-97a4-248a0bba79ce51262932764000","Lights Out","control","4","4","3","4","4","4","3","3","3","3","4","3","3","4","3","1","3","1","4","3","4","1","2","1","1724","I didn't fix the bug, however I noticed that the cell that doesn't switch on has the same onColor and offColor meaning that getting switched on make the cell switch to the same offColor. I couldn't find why it was the case nor why only one cell had this problem","103","2","3","5","2","","0","0","0","0","0","0"
"User-12ae30d3-3ed0-0d00-97a4-78ba05221bce60146971170000","Ammolite","control","5","5","5","5","5","5","4","4","4","4","4","4","5","5","5","2","5","2","4","4","5","2","1","1","918","The marker was not ""+"", but ""+ "". I changed AmmoliteMagenta class>>#students to fix that.","9","1","4","5","1","The marker for Adèle was wrong. It ended with a space, while the code has a condition on '-' and '+'.","2","2","2","2","2","4"
"User-7b6e5697-59c3-0d00-977a-6ff503eecad054655768214000","Lights Out","control","5","5","4","5","5","5","5","4","4","5","5","5","5","5","5","2","5","5","4","4","5","4","1","1","1482","Inspecting the corner tiles showed that onColor was equal to offcolor for the problematic tile. This is done in  This is done in SimpleSwitchMorph>>#position:  and just uncommenting the code (just use the standard position:) seems to fix it","41","4","4","5","1","SimpleSwitchMorph position: sets the onColor to be the same as offColor","2","3","2","2","3","2"
"User-196194d2-82c8-0d00-977b-73660e926eba52101481773000","Lights Out","control","5","5","4","4","5","5","4","4","4","4","4","4","5","4","5","5","0","0","0","0","0","0","1","1","523","the LOCell>>#position: method set the offColor to the onColor of the cell. I just removed the method because it did nothing else.","5","3","2","2","1","The position: method overwrote the onColor of a LOCell at a corner.","1","3","3","3","3","3"
"Pilot-E-User-097b27db-98b5-0d00-998c-ca2a0e3170cf53213692724000","Lights Out","control","4","4","4","4","4","4","4","3","4","4","4","4","4","4","4","1","5","2","4","4","4","4","1","1","2131","SimpleButtonMorph>>position: is the main problematic method. It called super first, and made a call to a secondary bug inducing method. #position: is called at some point during the normal execution of the program. the secondary method at some point changed the value of the onColor variable of a random corner cell (and which should be yellow) to be gray (off). Therefore, when click the cell, the switch is performed but the on color is actually the off color. Poorly explained but the idea is there","18","4","3","5","1","(same as the answer... I don't wish to re write this, so I paste what I copied just as a precaution)SimpleButtonMorph>>position: is the main problematic method. It called super first, and made a call to a secondary bug inducing method. #position: is called at some point during the normal execution of the program. the secondary method at some point changed the value of the onColor variable of a random corner cell (and which should be yellow) to be gray (off). Therefore, when click the cell, the switch is performed but the on color is actually the off color. Poorly explained but the idea is there","2","3","2","2","2","2"
"User-870571ae-80ce-0d00-977b-01840eeb06de44775016861000","Lights Out","control","4","4","4","4","4","4","4","4","4","4","5","4","5","3","4","3","3","2","4","3","5","3","1","1","1200","`position:` method had a code where it changed `onColor` to be the same as the `offColor`.That code was executed only on one corner. Removing that code the game started working.","94","4","2","5","1","`position:` method had a additional step that would make `onColor` be the same as the `offColor` on one of the corners.Since `onColor` and `offColor` are the same the switch didn't happen.","5","3","5","4","4","5"
"User-79d363ae-efc9-0d00-97ad-e1910d39fd8c35157383051000","Lights Out","control","4","4","4","4","4","4","4","3","3","4","2","2","5","5","5","2","4","1","3","3","4","4","1","1","2100","When a cell is created, it's position is checked, however the position: method in SimpleSwitchMorph has a condition that overwrite the onColor value with the offColor value if the cell is a in a corner. I found the solution by setting 4 haltIf inside the LOPane initialize method, in the indicesCollect: block, when cells are created. I looked each corner values of x: y: and inspected each returned cell to see if the color onColor and offColor where equals. Then, I continu the execution step by step to see where onColor will get the offColor value.","78","2","4","4","1","when creating a new cell, a condition was set to overwrite the onColor value with the offValue if the cell position was in a corner","2","2","2","2","2","3"
"User-78e806d6-c2c4-0d00-a382-02b009a9bd3c50990715000000","Ammolite","control","4","4","3","4","3","4","5","4","4","5","4","4","4","3","3","1","3","2","3","1","4","4","1","1","1351","The level marker is not displayed beacause one of the students marker is '+ ', with a whitespace. Therefore, it is not equal to the control string '+' (without whitespace), and is not detected as a correct marker.To fix the issue, I added a call to the 'trim' message on the marker, so that it is correctly compared if there are any whitespaces in the string. Probably better to fix the system to create student and input the marker, but I don't know if such a method exists.Fix second line of method ""textPrintStudent: student on: stream"" in class AMGroup : ({ '+'. '-' } includes: student marker trim ) ifFalse: [ ^ self ].","24","4","4","5","2","","0","0","0","0","0","0"
"User-fa80d14e-68d5-0d00-a367-1c5903d733c337072906518000","Lights Out","control","3","4","3","3","4","4","3","3","3","3","3","3","4","3","2","1","3","1","3","3","3","3","1","1","2060","At some point, when the pane use the position method it switch the onCollor to offColor it it found a corner, i simply delete that part of the code ifTrue: [	onColor := offColor.]","14","2","3","5","1","Wrong behavior when it get the position of a corner","2","3","2","3","3","3"
"Pilot-N-User-84452878-acb5-0d00-895f-08d80c0c5a6451052146095000","Ammolite","control","5","5","4","5","5","5","3","2","2","2","3","2","5","4","2","1","5","1","3","2","4","2","1","1","3348","The classification between + - or neutral was not consitent, One of the Adèle had a '+ ' marker instead of '+',  and thus wasn't properly identified while printing the marker and splitting in the stacks.","120","2","5","5","2","","0","0","0","0","0","0"
"User-70721c71-20d5-0d00-a35f-0b230f90ea5645210598000000","","treatment","0","0","0","0","0","0","0","0","0","0","0","0","0","0","0","5","0","0","0","0","0","0","0","0","","","","0","0","0","0","","0","0","0","0","0","0"
"User-88a6276f-6bd5-0d00-a386-0d050eac3a2a50500325000000","Ammolite","treatment","3","3","2","3","3","3","3","0","0","0","0","0","0","0","3","1","3","1","4","4","3","3","0","2","4","","0","0","0","0","2","","0","0","0","0","0","0"
"User-a2904209-ccc2-0d00-9778-6c840e6ed7ae51481712831000","Ammolite","treatment","4","4","4","4","4","4","3","4","4","3","3","4","3","2","2","2","5","4","4","4","5","4","1","1","684","The level marker of Adele included an additional space, that always caused the comparison with the allowed markers to be false, during the printing of the groups.I fixed it by doing a trimBoth for the student markers.","19","3","3","1","1","The level marker of Adele included an additional space, that always caused the comparison with the allowed markers to be false, during the printing of the groups.I fixed it by doing a trimBoth for the student markers.","5","4","5","0","4","3"
"User-20d31f99-86c4-0d00-a363-69a60df93b8251470900000000","Lights Out","treatment","5","4","4","5","3","4","5","4","5","4","5","5","5","3","4","2","5","4","3","3","5","2","1","1","696","There is a bug into SimpleSwitchMorph>>position: the method change the onColor with the offColor when the case is on a corner.","13","3","4","5","1","Problem is SimpleSwitchMorph>>position: method (see details in my previous comment)","5","4","4","4","0","0"
"User-4a048f49-eec8-0d00-89f7-047b0e96ebda52859119709000","Lights Out","treatment","0","0","0","0","0","0","0","0","0","0","0","0","0","0","5","2","5","5","2","2","4","4","2","2","461","I can switch on all corners.I restarted many times the game, and I can always light on all corners.I probably missed something...","0","3","0","0","2","","0","0","0","0","0","0"
"User-ed55061c-3ec9-0d00-a350-948600bad96b50092571130000","Ammolite","treatment","4","4","3","4","4","4","5","4","4","4","4","4","4","4","5","2","4","1","4","1","4","4","1","1","710","It did not show because there was a blank space after the marker in the set of students used to generate the example. So when printing the name it didn't detect the + sign because of the extra space, and thus printed only the name.","17","4","2","5","1","There was an extra blank space after the marker in the dataset used to generate the example.","3","4","5","4","5","5"
"User-30fea0eb-a9ce-0d00-a302-90c20599b4b549095230000000","Ammolite","treatment","4","4","4","3","5","4","4","3","3","3","2","3","4","3","3","1","3","1","3","3","2","1","1","1","998","There was a space after her marker that was taken for the last character instead of the +","97","3","1","1","1","There was a space character after the marker, meaning that this was taken as last character instead of the awaited +","2","3","4","4","3","3"
"User-c8a391b2-37c4-0d00-a3a8-58c20cf6a8a136595373000000","Lights Out","treatment","3","3","3","3","4","5","5","3","4","4","5","5","4","3","5","3","5","4","4","2","5","3","2","1","2287","Somehow, the onColor and offColor get set to the same (gray) value - I was able to find that inside the cell object. So I believe it toggles itself to the same color.However, I was not able to find or fix the bug in the source code -- Debugging Morph apps (I never really had a good understanding because it changes fast and there's never been a good documention IMO) is really not my strong point. I abandoned the task because it took too long, but I am confident with time I would have found the bug.","101","2","5","5","1","The bug is that the object's onColor and offColor are the same (at least according to the info I saw in the inspector of the object). However, I could not find the source of the bug. I feel that the complexity of Morph prevented me from finding it in the code quickly.","5","4","3","4","4","5"
"User-db760d46-7fc9-0d00-97ab-324f019c690156370555628000","Lights Out","treatment","3","4","4","4","4","5","5","4","4","4","5","5","5","3","5","2","4","4","3","2","5","3","1","1","3415","The method position: on the class SimpleSwitchMorph was the gilty. It randomly pick a corner of the game, the onColor attribute of the cell on this corner became the same to the offColor.This is causing the explained behavior. I basically delete the method.","116","2","4","5","1","the program choose a random corner in the game, and set the onColor with the same color of the offCOlor.Was difficult to found because the method that cause this behavior was in injected in the morph package.","2","3","4","4","4","4"
"User-4668c96e-89c5-0d00-9783-d8cd0cfee47536357123175000","Ammolite","treatment","4","5","4","4","2","4","3","3","2","3","3","3","4","3","5","3","5","5","2","2","2","1","1","1","1471","'+ ' whereas '+' is expected.I renamed 2 Adèle to differentiate them and easily find which one is wrong. I put object centric break point on this object.I put object centric breakpoint on its marker, but it freezed the image. On printString also.I found a way to have access in reading and writing to the variable instance without freezing the image.","104","2","4","2","1","'+ ' instead of '+' that should not arrived since the marker value should come from markerL or markerP","0","0","0","0","0","0"
"User-a5ec8da3-59c3-0d00-97f2-7c7d0387d14954860731588000","Lights Out","treatment","4","4","4","3","4","5","4","4","4","4","4","4","4","4","3","2","5","4","4","4","5","4","1","2","655","The method `SimpleSwitchMorph >> position:` was setting the same color for turn on turn off.","13","4","2","1","1","The method `SimpleSwitchMorph >> position: ` was changing one random corner the same color for on and off.","3","4","4","4","5","5"
"User-797cb9cf-cbc2-0d00-bf5d-5fd300a131d550516427928000","Lights Out","treatment","3","4","4","3","3","4","3","3","3","3","4","4","4","3","4","1","3","2","4","4","3","2","1","1","1198","The onColor on the problematic object is wrong.","66","2","0","2","2","","0","0","0","0","0","0"
"User-6718ec4f-68d5-0d00-97ab-324f0b82b46037091426440000","Lights Out","treatment","4","5","4","4","4","4","3","2","3","2","4","4","5","4","2","1","4","1","4","4","3","2","1","1","3878","the method was ""position:"" in the creation of a new cell, by keeping just the ""super position: aPoint"" line, the bug is fixed","236","3","4","3","1","the method was ""position:"" in the creation of a new cell, by keeping just the ""super position: aPoint"" line, the bug is fixed","2","3","3","3","3","3"
"User-3be792df-76cc-0d00-9fc8-c6090b042d0c","Ammolite","treatment","4","5","4","5","4","5","4","4","4","4","4","3","5","5","5","2","5","3","3","3","4","4","1","1","1478","a space character was present at the end of one Adele line...warn : Lunch interruption of 1h10","47","3","3","4","1","One of the model lines was not correct, a space character was at the end of one line","5","4","4","4","4","4"
"User-d8e0d7a9-bfcf-0d00-a211-ad1e08c6c53a32392439000000","Ammolite","treatment","0","0","0","0","0","0","0","0","0","0","0","0","0","0","0","5","0","0","0","0","0","0","2","2","5556","no answer found","94","0","0","0","0","","0","0","0","0","0","0"
"User-c858d77f-68d5-0d00-a2e8-563b02f2370637895373000000","Lights Out","treatment","4","3","3","3","4","4","5","4","4","4","4","4","3","3","1","1","2","1","3","3","4","4","1","1","2611","A method called position give to onColor the value of offColor, so i delete it, cause this is a useless method","57","3","3","4","1","The method position use by LOCell give to onColor the value of offColor, so the color didn't change when we click on it","2","4","3","4","4","4"
"User-f81d38e9-94c6-0d00-a366-70890de9714f61967467000000","Ammolite","treatment","4","4","0","4","4","5","4","4","4","5","3","4","5","3","5","2","4","4","4","4","5","4","1","1","994","One marker is initialized as ""+ "" (with a space). The printing of the marker was dependent of a check against a collection containing '+' and '-'.","73","4","2","5","1","One marker is initialized as ""+ "" (with a space). The printing of the marker was dependent of a check against a collection containing '+' and '-'.","5","4","4","4","5","4"
"User-677a6b8d-e5c3-0d00-97dd-f81b09e8464350984796804000","Lights Out","treatment","5","5","5","5","5","5","4","4","4","4","3","4","4","5","4","1","3","2","2","2","3","4","2","1","1360","","72","4","2","5","1","I found half bug , rush timeTurnOn is acceessed correctly but the OnColor never changes for this Morph","5","4","4","4","4","4"
"User-d4113ed9-a0cf-0d00-a35a-a92e069a218e72843679224000","Lights Out","treatment","3","4","4","4","4","3","3","2","3","4","3","2","4","2","4","4","3","3","3","2","4","2","1","1","2136","Well my previous answer is not retrieveable but basiccaly removing the call to SimpleSwitchMorph class<<getCorner in the sender.We could also change getCorner but as the code was I remember that just removing the call was better.","128","3","3","3","2","","0","0","0","0","0","0"
"User-edde0eca-1dcd-0d00-b200-9f960bcb667c75724956418000","Ammolite","treatment","4","4","4","4","4","4","4","4","3","4","5","4","4","3","4","1","3","2","3","1","4","2","2","1","1044","I could not manage to make object centric breakpoints work, when triggered, an error pane would open up on the bottom left displaying:Information**Debugger opening error**Original error: Break.Debugger error: Break.I believe I may have an incorrect setup to run the experiment.","34","0","0","0","2","","0","0","0","0","0","0"
"User-d135f8ad-c8c8-0d00-9770-af7c0785edc264134978024000","Lights Out","treatment","0","0","0","0","0","0","0","0","0","0","0","0","0","0","5","2","3","2","2","1","4","3","1","1","2272","One of the corner cell can not be switched on. however, the cell that can not be turned on is randomly or non0determinsistnc. It is hard to find which will be the faulty cell.  It can be due to position getCorner api.,","46","1","1","4","2","","0","0","0","0","0","0"
"User-b080bbae-3ec2-0d00-9789-92620071d4da49172523202000","Lights Out","treatment","4","4","4","4","4","5","4","4","3","4","4","4","5","3","4","1","4","3","3","3","4","4","1","1","3139","One of the corner each time had the same offColor and onColor. I discovered that by inspecting two tiles. I was looking for changes on the state of these variable but I did not manage to find the right moment in code execution to introduce the object-centric breakpoint for state acess that I wanted to use on the onColor attribute. I ended up identifying SimpleSwitchMorph>>position  as the issue using the var view in the browser. I am still not sure about where I could have activated the object-centric breakpoint.I solved the issue by suppressing SimpleSwitchMorph>>position","76","1","4","5","1","The SimpleSwitchMorph>>position was setting the onColor of a corner cell to the same color as the offColor. Therefore the cell look was not changing when activating it.","2","3","3","2","3","5"
"User-b0617330-82c9-0d00-915f-d5280cb6f48861693038000000","Lights Out","treatment","4","4","3","4","4","4","4","4","4","4","4","4","4","3","4","5","0","0","0","0","0","0","1","1","5074","I think I found the bug. I removed the onColor := offColor line from the SimpleSwitchMorph.position method and it worked, the cell in the corner started to change color correctly.I tried using Halt on Call on the LOCell.switch method, this even gave some clues, helped to understand the call sequence of methods that use the onColor and offColor instance variables.So I analyzed the onColor and offColor variables of the corner cell instances and noticed that onColor was gray for the problematic corner, it should be yellow.So I tried to put Halt on State Access in the onColor variable of the problematic corner cell. However, when trying to debug, it displayed the error ""Debugging opening error"".So, after many attempts and already tired, I gave up on debugging and analyzing object instances and started looking at the source code randomly.So when looking at the SimpleSwitchMorph.position method, I found the somewhat strange line onColor := offColor, I found the code suspicious, removed it, ran it and it worked.I found it suspicious because there was no reason for a method called position to be setting the gray color to yellow.","172","3","4","2","1","I think I found the bug. I removed the onColor := offColor line from the SimpleSwitchMorph.position method and it worked, the cell in the corner started to change color correctly. When looking at the SimpleSwitchMorph.position method, I found the somewhat strange line onColor := offColor, I found the code suspicious, removed it, ran it and it worked.I found it suspicious because there was no reason for a method called position to be setting the gray color to yellow.","2","4","2","4","4","2"
"User-3b005e64-80c7-0d00-b94e-79ac078c561536550861909000","Lights Out","treatment","5","5","5","4","4","5","5","3","3","5","4","4","5","3","5","2","5","5","4","3","5","3","1","1","503","The method SimpleSwitchMorph >> #position: was changing the offColor to the same onColor when setting the position, this was not needed, and I removed the method","44","4","2","1","1","The #position: method was changing the offColor for the corner position","5","4","5","4","5","4"
"User-46f887ad-3ec2-0d00-977d-22a805762cb349152368731000","Ammolite","treatment","0","0","0","0","0","0","0","0","0","0","0","0","0","0","4","1","4","2","4","4","4","2","1","1","1254","The method used for printing students in a group, `AMGroup >> #textPrintStudent:on:`, checks if the student has a marker  with the following check: `{ '+'. '-' } includes: student marker`.However the marker is parsed from a string by reading all the characters after the first space until the end of the string, in the `AMStudent class >> #readFromDataString:` method.The issue is that the last Adèle has an extra space character at the end, so the marker is '+ ' (with a space) instead of '+'.This results in the check presented above answering `false`, and the printing method ends early instead of printing the marker.A naive fix is to correct the `AmmoliteMagenta class >> #students` method to remove the superfluous space.A better fix is to make the `AMStudent class >> #readFromDataString:` method more robust by only reading one character for the marker, for example by using `next: 1` instead of `upToEnd`.","18","0","0","0","0","","0","0","0","0","0","0"
"User-1de21ead-3ec2-0d00-97a4-1e090a80823249145481782000","Ammolite","treatment","5","5","4","5","5","5","5","5","3","3","5","5","5","4","4","1","3","2","3","3","5","4","1","1","1517","The level marker of the last student named Adèle is not displayed in the group lists because the method AMGroup>>#textPrintStudent:on: was expecting the marker to match EXACTLY either the string '+' or the string '-'. However, the marker of that student was '+ ' with an extra space. To find that, I checked with an object-centric breakpoint that the marker of the last Adèle was not rewritten or that it is not read in a weird way.Then, I found with the meta browser the method that prints the student in the group and put an object-centric method on that method for the last Adèle. I put another object-centric breakpoint on the same method for another Adèle to compare the execution of the method for both students.I found out by inspecting their marker that the problematic Adèle had an extra space in her marker, compared to the other Adèle whose marker is displayed.I just modified the condition checking on the student marker so that extra spaces do not matter. (Instead of comparing the marker with '+' and '-', I compare the trimmed marker with '+' and '-'","26","5","1","1","1","The marker of each student was only displayed if it was exactly '+' or '-' . However, one student had an extra space in their marker: '+ ' , causing their marker not to be displayed","5","4","5","4","5","5"
"User-49a0bc49-1bce-0d00-9d3d-737f01d881f441293775982000","Ammolite","treatment","5","5","5","5","2","5","5","5","5","5","5","5","5","3","5","2","3","3","4","3","4","4","1","1","396","There was an extra space after the marker for that adèle. That meant that it was comparing a string of two characters with only one.I removed the extra space, although there more resilient ways to fix it (such as a string search).","6","5","1","5","1","Comparing a character with a string because an extra space was parsed with the + for that adèle","5","0","5","5","5","5"
"User-9d1251a9-b9c5-0d00-97af-90d30f19b5d070697522874000","Ammolite","treatment","5","5","5","4","4","5","5","4","4","4","4","5","5","4","5","2","4","4","4","4","4","4","1","1","760","I used the OCD to place a breakpoint on method 'marker'. Then I saw the print method that called it. There I discovered that Adele's '+' marker had an extra space. I deleted that space in the students method and this fixed the bug","3","5","1","5","1","The marker of the last Adele had an extra space","5","4","4","4","5","5"
"User-48033f89-e5c3-0d00-980e-664608e6073f50914773851000","Lights Out","treatment","4","4","4","4","4","5","5","5","5","5","5","5","5","3","4","2","5","5","4","3","4","3","1","1","1442","on and off color were the same color => impossible to change the state.Fixed by removing SimpleSwitchMorph>>#position: method","9","2","4","5","1","For one corner, the onColor was set to offColor","2","3","3","2","0","3"
"User-da80524e-51c5-0d00-a36c-26ad0bccb39336494291261000","Ammolite","treatment","4","4","4","4","4","4","4","4","4","4","0","0","0","0","5","3","5","2","3","2","4","2","1","1","1018","Student list have an extra whitespace at the end of the last Adèle line.A solution can be to sanitize a little by adding a call to String trim in the  AMStudent>>#marker: method.A proper fix could be to add a full check that only accepted markers are provided","22","5","1","5","1","bad sanitization from text input causing a trailling whitespace, thus failing string equality test","5","4","4","3","3","2"
"User-88c7db9f-59c3-0d00-a375-3b550922954c54798725000000","Lights Out","treatment","4","4","4","4","3","4","4","3","4","3","4","3","5","4","4","2","2","2","4","4","4","2","1","1","1625","Because the onColor of one of the corner was set to the offColor.","23","3","4","5","1","There was a method setting the onColor of a corner to the offColor.","3","4","4","4","3","4"
"User-4e433c85-91ca-0d00-aa6d-9641035f634539051626341000","Lights Out","treatment","2","3","3","3","3","2","2","2","2","3","3","3","3","3","4","2","4","3","3","3","3","2","2","1","1308","I found that for affected cell offColor and onColor is both gray. But I didn't find method that does that. Object-centric debugger is not helping, since color initialization is setup before (so instance already exists of LoCell). I needed to catch moment, when onColor is wrongly inititalized.","14","1","4","1","2","","0","0","0","0","0","0"
"User-7281acc0-b8c2-0d00-979a-0c71039b487955059540360000","Lights Out","treatment","0","0","5","5","5","5","5","4","4","4","5","5","5","4","4","2","3","3","4","4","5","4","1","1","1237","For some reason, the #position method of SimpleSwitchMorph was modifying the onColor of one corner at random.I removed this method, as the only relevant code was `super position`.In a real situation, I would investigate as why was this behavior here. In this experiment, it fixes the bug.","18","3","4","5","1","There was a modification of the On color of a corner cell in the #position method of the super class of LOCell.","2","3","0","0","0","5"
"User-1f32f500-ccc2-0d00-9775-6af803c5dc6351342424632000","Ammolite","treatment","4","4","4","5","4","4","5","5","4","5","4","5","5","3","4","2","4","4","4","4","5","3","1","1","856","The marker was not displayed because it was 4+ with a space after and in the application we checked that it was explicitly a + or a -. I fixed that by trimming the marker during the reading of the datas.","61","4","2","5","1","The marker was not displayed because it was 4+ with a space after and in the application we checked that it was explicitly a + or a -. I fixed that by trimming the marker during the reading of the datas.","2","4","3","4","3","5"
"User-c87492df-76cc-0d00-9fc7-63b00b042d0c","Lights Out","treatment","5","5","5","5","4","5","4","4","4","4","4","4","5","5","4","2","3","2","4","4","4","2","1","1","2647","Dans SimpleSwitchMorph > position: aPoint, le code :"" aPoint = self class getCorner ifTrue: [	onColor := offColor.] ""change la couleur utilisée pour l'état allumé du LOCell.J'ai trouvé le bug  en ajoutant un ""Halt on state access"" sur le ""onColor"" de chaque LOCell qui se trouve dans un coin.","155","4","2","4","1","Déja répondu.","5","5","5","5","5","5"
"User-f17a1587-6bd5-0d00-97a4-78ba0ba7b10350901787395000","Ammolite","treatment","4","4","3","4","4","4","4","2","2","4","4","3","4","3","5","2","4","3","4","1","5","2","1","1","846","One of the adele's marker is '+ '. I realized by inspecting the three adeles. I fixed it by adding a trimBoth to the accessor of marker. (Could also be fixed by changing the dataset)","10","4","3","1","1","The promotion of one of the Adele was '+ ' instead of '+'","2","3","4","2","3","4"
"User-acd3b5e7-68d0-0d00-97af-90d30c72eda764479867837000","Ammolite","treatment","4","4","4","4","4","5","5","4","4","5","5","5","5","3","3","2","5","4","2","2","5","3","1","1","1929","The maker character (actually a string) had a trailing space. I fixed it by trimming the marker character when setting it","71","2","3","1","1","The marker character had a trailing space","5","5","5","4","4","5"
"User-d6e8c056-68d5-0d00-9799-60a00d27027937206036743000","","treatment","0","0","0","0","0","0","0","0","0","0","0","0","0","0","0","5","0","0","0","0","0","0","0","0","","","","0","0","0","0","","0","0","0","0","0","0"
"User-edb402d9-60c5-0d00-a353-ef9803b5560334845604104000","Ammolite","treatment","0","0","0","0","0","0","0","0","0","0","0","0","0","0","5","3","5","2","3","1","5","2","2","2","1601","no answer found","35","0","0","0","0","","0","0","0","0","0","0"
"User-f4646966-bad1-0d00-9797-058e0c7c40b152409543946000","Ammolite","treatment","4","4","3","3","4","4","4","3","4","3","4","4","4","3","5","2","5","5","3","1","2","2","1","1","1681","Additional space in data string makes its way via bad parsing into the marker instvar.Display code compares with two strings '+' and '-' so it takes the same code path as if the marker was nil","13","3","3","1","1","Additional space in data string makes its way via bad parsing into the marker instvar.Display code compares with two strings '+' and '-' so it takes the same code path as if the marker was nil","2","4","4","2","4","5"
"User-283eed8d-68d5-0d00-a31e-ceba0499997938131689000000","Lights Out","treatment","4","4","4","3","4","4","3","4","3","4","4","3","5","3","0","1","2","1","4","4","3","3","2","2","15","Abandon","0","0","0","0","2","","0","0","0","0","0","0"
"User-5517daad-4bcb-0d00-977c-cb0707d8367660996975463000","Lights Out","treatment","5","5","5","5","5","5","4","3","3","4","4","3","5","2","4","6","5","4","4","4","5","2","1","1","4376","delete the method >>position: because there the onColor is set to the off color","220","2","4","4","1","method SimpleSwitchMorph>>position: was overwriting the position: of Morph and setting the onColor to offColor.Inforation: I was interrupted over night for many hours.","3","0","0","4","0","4"
"User-313917f6-f9c3-0d00-9ec8-096d01818d5034240228679000","Ammolite","treatment","5","5","5","5","5","5","5","4","5","5","5","5","5","5","5","2","5","4","4","4","5","1","1","1","2186","The marker of the problematic Adèle ended with a space. The printing method AMGroup>>#textPrintStudent:on: that is used to show that person in the group below in the app, doesn't print the marker. This is because it expects markers to be exactly '+' or '-', returning too early when there in the case of this problematic Adéle.My fix what to only return early when the string is empty. It's not clear in the model if the marker should be either a normalized string or reified with a new Marker class with singleton instance, maybe.","36","4","2","2","1","The students accepted any object as marker, so it doesn't ensure that marker is exactly '+' or '-'. But the printing method was expecting that the marker is exactly '+' or '-'.","5","4","5","5","5","5"
"User-ec6a83f8-cbc2-0d00-9781-d55b00cbdc0451200750337000","Ammolite","treatment","5","5","5","5","5","5","5","5","4","5","5","5","5","3","4","1","4","4","4","4","1","4","1","2","287","There was a space after the ""+"" of the last adele and the presenter was taking the last character to show it","2","2","4","2","1","I found the bug on the student list maker and I fixed it by removind the extra space. For the Lights out I found the reason of the bug but I could not fix it.","3","4","4","4","4","4"
"User-68b38256-ddc5-0d00-a374-8f8505bd550251127089000000","Ammolite","treatment","3","4","0","0","0","0","0","0","0","0","0","0","0","0","5","2","5","5","3","3","5","4","1","1","894","The includes method compares the hash of objects, and the object ""+"" is different for each student and evidently not the same as the hardcoded ""+ . -"" in the textPrintStudent method. To fix this, I changed the textPrintStudent method to verify the presence of +/- by calling includesSubstring instead of includes. While this solves the bug, I do not understand why it happened only for the ""Adèles"" in the array.","14","2","4","1","2","","0","0","0","0","0","0"
"User-0ebb4b1c-5bc4-0d00-ad1a-fc190660dcb237493031713000","Ammolite","treatment","0","0","0","0","0","0","0","0","0","0","0","0","0","0","1","2","5","5","4","4","5","4","1","1","1340","the error is in fact we being using a string instead of a dedicated enum object (Marker), hence allowing the possibility of instantiate a ""marker"" attribute with other value than ""+"", ""-"" and ""none"", which is what happened: The data to instantiate the student contained a string '+ ' (plus, space).For the purpose of the exercise my fix was simply to replace modify the #marker: method as follows: AMStudent>>#marker: anObject	marker := anObject asString trimmed	a more solid solution would be to validate the input in the marker: method (nil, +, -).But ultimately, the correct fix is to implement an enum class hierarchy (AMMarker, AMMarkerPlus, AMMarkerMinus, AMMarkerNone) which can parse maybe different kind of raw data but ensures the value we have there is correct (and it allows for better design of future implications of the marker)","35","4","1","0","2","","0","0","0","0","0","0"
"User-40188883-68d5-0d00-a323-84de0eac3a2a37957288000000","","treatment","0","0","0","0","0","0","0","0","0","0","0","0","0","0","0","5","0","0","0","0","0","0","0","0","","","","0","0","0","0","","0","0","0","0","0","0"
"User-4de8796a-e5c3-0d00-97bc-03fe0147c8fc32398539898000","Lights Out","treatment","3","4","4","4","4","5","3","3","4","3","4","3","5","5","5","3","4","3","3","3","4","2","2","1","2927","I couldnt find the cause of the bug. I only figured out that onColor and offColor were both grey in the problematic tile. Also that old color was incorrectly set, probably because they are using fillStyle to update oldColor.","253","1","2","1","2","","0","0","0","0","0","0"
"User-8ba7b35c-86c4-0d00-97ac-35c10e6ab31a50457178017000","Lights Out","treatment","3","3","3","4","4","4","3","3","4","4","4","4","3","2","Master in STEM","1","4","2","4","4","4","2","1","1","1262","One corner had the same `onColor` variable as `offColor`, so the graphical application did not show the change.I removed `SimpleSwitchMorph >> position: aPoint` method with the malicious code. How I found it?1) Added a ""break-on-call"" on `SimpleSwitchMorph >> turnOn` method in the tile object with the bug. I realize that it was working as expected (setting the `onColor` variable as color).2) Then, using the inspector, I checked the `onColor` variable value, and compared it with other tile. They were different. And I realized that it was the same as `offColor`. 3) So, I added a ""break-on-write"" for the `onColor` for the buggy tile. It didn't hit because the variable was already changed.4) But! I opened the breakpoint navigator to see the methods that write the variable (4 methods). One of them performed `onColor := offColor`.5) Found it!","5","3","2","5","1","One malicious method was setting `onColor := offColor`, so the color was not changed.","3","3","3","4","4","3"
"User-fe792027-ddc5-0d00-979e-16c50059b22750332122641000","Lights Out","treatment","4","4","2","3","4","4","5","4","3","4","4","4","4","3","5","2","5","5","2","2","5","4","1","1","1186","The corner object has onColor = offColor.This happens because during the initialization of the cell, an overwrite decides to wrongly set the onColor := offColor if the position is a given corner.removing SimpleSwitchMorph>>position: does the trick","217","2","4","1","1","The corner object has onColor = offColor.This happens because during the initialization of the cell, an overwrite decides to wrongly set the onColor := offColor if the position is a given corner.removing SimpleSwitchMorph>>position: does the trick","5","5","5","3","3","4"
"User-4fe45db4-eac8-0d00-977d-76d803f7388a37471193188000","Lights Out","treatment","4","4","4","4","4","4","4","3","4","4","4","4","4","4","5","3","5","5","3","3","5","5","1","1","3640","SimpleSwitchMorph>>#position: trashes the onColor variable.Commenting out that code (or deleting the method) fixed the issue.","108","1","4","4","1","The method SimpleSwitchMorph>>#position:erroneously changed the value of the onColor variable.","3","2","0","3","3","3"
"User-8e85b65c-1dd6-0d00-978f-a0280f186fa537095099817000","Lights Out","treatment","5","5","5","5","5","5","4","4","5","3","5","5","5","5","3","1","3","1","4","4","2","1","1","1","2258","an other position: method changes the onColor of the corner of the panel to its offColor","75","3","2","1","1","an other position: method changes the onColor of the corner of the panel to its offColorI deleted the method","2","4","4","3","5","5"
"User-d3ecf113-31c7-0d00-9799-73c10a7e295941499185381000","Lights Out","treatment","0","0","0","0","0","0","0","0","0","0","0","0","0","0","5","2","5","5","3","3","5","4","2","1","562","I cannot get the game bug anymore so this is difficult to debug it. My hypothesis is that the color of that one cell is not exactly the same as the offColor. But I cannot verify my hypothesis.","6","3","2","5","2","My hypothesis is that the color of the righ top cell is different from the offcolorand the equality then does not return true. But the game stopped to break so I could not validate it.","3","5","4","4","4","4"
"User-d61e4734-65cf-0d00-97cb-266c0aefa03875872961273000","Ammolite","treatment","5","5","4","5","4","5","5","4","4","4","4","4","4","4","5","2","5","5","4","4","5","4","1","1","1141","The issue with the last marker is that the line in the data contains a space at the end. The method doing the reading readFromDataString: uses upToEnd which will also include the space. Because of that space when printing the marker in textPrintStudent:on:  the check `{ '+'. '-' } includes: student marker` will fail as the marker contains two characters, the + and a space. As a fix I updated the method reading the data for the marker to use trimBoth to remove spaces. `readStream upToEnd trimBoth`","51","2","3","5","1","The issue with the last marker is that the line in the data contains a space at the end. The method doing the reading readFromDataString: uses upToEnd which will also include the space. Because of that space when printing the marker in textPrintStudent:on:  the check `{ '+'. '-' } includes: student marker` will fail as the marker contains two characters, the + and a space. As a fix I updated the method reading the data for the marker to use trimBoth to remove spaces. `readStream upToEnd trimBoth`","5","4","4","4","4","4"
"User-f0b88497-86c4-0d00-8baa-0d0709d93c5d51443958000000","Ammolite","treatment","4","5","4","4","4","5","3","4","4","3","4","4","5","2","4","4","3","2","3","3","4","3","1","1","917","There is a space after the plus for the last Adele in  AmmoliteMagenta >> students","25","4","2","5","1","There is a space after the last Adele in AmmoliteMagenta >> students.I use an halt on call for the method AmStudent >> #textPrintForGroup:on: for each student named Adele.","5","4","4","5","3","3"
"User-ee372e08-c3c4-0d00-9797-21750849ac5251832152083000","Lights Out","treatment","4","4","4","4","4","4","4","4","4","4","4","4","4","4","5","2","5","2","3","3","4","2","2","2","429","I haven't fixed that. I run off the time to proceed","20","2","4","5","2","","0","0","0","0","0","0"
"User-103bf7d7-c2c4-0d00-a2ee-64000be3a76d51023242000000","Lights Out","treatment","5","5","4","5","4","5","5","5","4","4","5","5","5","5","4","1","3","2","4","2","4","4","1","1","4274","in the position method of simpleSwitch morph there was code that made the onColor instance variable take the value of offColor","769","3","4","4","1","in the position method of simpleSwitch morph there was code that made the onColor instance variable take the value of offColor","5","5","4","5","5","5"
"User-89bf6836-78c9-0d00-a353-ef9804947ae740443331481000","Lights Out","treatment","3","3","3","3","3","3","3","3","3","3","3","3","3","3","5","2","4","4","4","4","2","1","1","1","1363","Not able to fix.","15","2","4","5","2","","0","0","0","0","0","0"
"User-50f67874-57d5-0d00-a370-853104c02a3454690194000000","Lights Out","treatment","4","4","3","3","4","4","4","3","5","5","5","4","3","3","5","2","5","1","3","1","5","4","1","2","1748","The LOCell's onColor has been set to be the same as its offColor in SimpleSwitchMorph>>position:, during creation. One corner is randomly selected per LOPane via #setCorner and checked via #getCorner by #position: during creation.","114","3","3","4","1","Code was introduced to the superclass of LOCell to pick one corner per LOPane and set it so it effectively could not be turned on: its onColor was the same as its offColor. Not really a bug, more like deliberate sabotage :). [I'll treat ""debugger"" below as meaning ""object-centred debugging"". I didn't use it at all: just a simple breakpoint first to see why toggling the color in one of the corners didn't change anything, spotting that it was because onColor was grey rather than the normal yellow, then searching for methods that modified onColor. I didn't find OCD intuitive to use for *this* problem, but its functions are familiar and sometimes make debugging faster - even if you have to build the mechanism ad hoc as part of a normal breakpoint condition.]","1","3","2","2","4","4"
"User-7fb0343f-94ce-0d00-9775-65a1008deb5a42408137881000","Ammolite","treatment","4","4","3","4","4","4","4","4","3","4","4","4","4","2","5","6","5","5","4","4","5","2","1","1","1020","The datastring in AmmoliteMagenta class>>#students contained a whitespace after the '+' marked for one student called Adèle. The code that stores the AMStudent.marker instvar value does not trim whitespace.I found this by putting a 'halt on call' breakpoint on AMStudent>>#textPrintForGroup:on: for each Adèle student to see where and why the marker was not being printed.I fixed it first by removing the whitespace from the data string, but then found it was better to do a `trimBoth` to remove leading an trailing whitespace from the incoming string in AMStudent class>>#readFromDataString:","22","4","2","5","1","Failure to trim whitespace from a string where it is assumed to contain only a single character.","5","4","4","4","4","4"
"User-4cc98245-aad6-0d00-97ff-43d8096a61b237496222143000","Ammolite","treatment","4","4","4","4","4","4","4","4","4","4","4","5","5","5","2","2","3","2","4","4","4","1","1","1","1974","It was not displayed because there is a check to see if the marker of a person is included in {'+','-'} but the problem was that the marker of one of the Adele's was '+ ' that is the marker PLUS a whitespace. That's why the if was not being true. The problem originated from the string that contains all the persons names, there was a whitespace after Adele's name before the new line, so that made it into the marker itself. I fixed by putting a halt on the marker call","117","4","4","4","1","","3","4","4","4","3","4"
"User-d8595eb0-bcc7-0d00-a370-31010ddf2fc536323991000000","Lights Out","treatment","3","4","4","3","3","4","4","4","4","4","4","3","4","3","2","1","3","1","4","4","4","2","2","1","1647","I didn't have the time to finish. However I found that one of the corners didn't switch color when switched on because it had the same color as onColor and offColor. I searched for the method in which the onColor was changed, but I didn't find it.","21","2","4","5","1","The bug is that the onColor and offColor of one of the corners are the same color.","3","4","4","3","3","4"
"User-68c93724-6ec4-0d00-a364-c14701ee267c32830321000000","Ammolite","treatment","4","3","2","4","4","5","4","3","4","2","3","4","5","3","5","2","4","4","4","3","4","1","1","1","604","Because in the data source, one Adèle had a space after the '+ '. So, when cheking for a marker to be '+', or '-' it fails. I updated the datasource(i identify the bug using haltIf in the return of the method that print the Adèle name in the group part","19","3","4","2","1","It was a problem with the dataset within a blank character was introduced.The group printer was also too confident about the input data","5","5","5","4","4","3"
"User-efe2331e-c9d0-0d00-a347-7fde0ddb50df49310959356000","Ammolite","treatment","4","4","4","4","4","4","4","4","4","4","4","4","4","4","1","6","5","5","4","3","4","3","1","1","2054","The last Adèle line was constructed with an extra space at the end. I removed it and restarted the application","16","2","3","2","1","The marker for the last Adèle was set to '+ ' instead of '+'","2","4","3","4","3","4"
"User-03bf5062-bdc3-0d00-97a4-248a0bba79ce51262932764000","Ammolite","treatment","4","4","3","4","4","4","3","3","3","3","4","3","3","4","3","1","3","1","4","3","4","1","1","1","983","This student was referenced in `AmmoliteMagente class>>students` with a backspace after the '+', leading to the string not being recognized when compared to the + and - strings","17","4","2","1","1","There was a backspace written after the '+' of the last student named Adèle, leading to the string not being recognized when compared to + and - strings","5","4","4","4","3","4"
"User-12ae30d3-3ed0-0d00-97a4-78ba05221bce60146971170000","Lights Out","treatment","5","5","5","5","5","5","4","4","4","4","4","4","5","5","5","2","5","2","4","4","5","2","1","1","2241","SimpleSwitchMorph>>#position: was overridden to change the onColor of a cell in a random corner. I fixed it by deleting the method and I also deleted #setCorner and #getCorner.","43","2","4","5","1","SimpleSwitchMorph>>#position: was overridden to change the onColor of a cell in an arbitrary corner.","0","0","0","0","0","0"
"User-7b6e5697-59c3-0d00-977a-6ff503eecad054655768214000","Ammolite","treatment","5","5","4","5","5","5","5","4","4","5","5","5","5","5","5","2","5","5","4","4","5","4","1","1","552","The reason is a space at the end of the line in AmmoliteMagenta class>>#studentsI Put break on marker method of AdèleHalts in AMGroup>>#textPrintStudent:on:({ '+'. '-' } includes: student marker) evals to false. inspecting return shows a space, checking where the data comes from (just browsing code) showsAmmoliteMagenta class>>#students has the space, I remove and bug is fixed","6","5","2","1","1","I Put break on marker method of AdèleHalts in AMGroup>>#textPrintStudent:on:({ '+'. '-' } includes: student marker) evals to false. inspecting return shows a space, checking where the data comes from (just browsing code) showsAmmoliteMagenta class>>#students has the space, I remove and bug is fixed","5","5","5","5","4","5"
"User-196194d2-82c8-0d00-977b-73660e926eba52101481773000","Ammolite","treatment","5","5","4","4","5","5","4","4","4","4","4","4","5","4","5","5","0","0","0","0","0","0","1","1","680","Because a white space was included in the marker of the student. I added the trim message.","12","4","2","3","1","A white space was inserted into the marker string.","5","5","5","5","4","4"
"Pilot-E-User-097b27db-98b5-0d00-998c-ca2a0e3170cf53213692724000","Ammolite","treatment","4","4","4","4","4","4","4","3","4","4","4","4","4","4","4","1","5","2","4","4","4","4","1","1","956","The initial error is in the AmmoliteMagenta class>>#students method.The printing process compares the mark against '+' or '-'. The problem is that the method AmmoliteMagenta class>>#studentsreturns the list of students where the last Adèle contains a trailing space (after the +) unlike the previous Adèles.That is why it is printed different. To fix it, there are several choices. Once is to correct the input. Secondly is to add a step to cleanup the input string, removing problematic cases. And lastly, improve the printing method to make it more robust and ignore trailing spaces.","9","4","2","5","1","The initial error is in the AmmoliteMagenta class>>#students method.The printing process compares the mark against '+' or '-'. The problem is that the method AmmoliteMagenta class>>#studentsreturns the list of students where the last Adèle contains a trailing space (after the +) unlike the previous Adèles.That is why it is printed different. To fix it, there are several choices. Once is to correct the input. Secondly is to add a step to cleanup the input string, removing problematic cases. And lastly, improve the printing method to make it more robust and ignore trailing spaces.","5","4","4","4","4","4"
"User-870571ae-80ce-0d00-977b-01840eeb06de44775016861000","Ammolite","treatment","4","4","4","4","4","4","4","4","4","4","5","4","5","3","4","3","3","2","4","3","5","3","1","1","823","Last Adèle had a trailing whitespace, which when compared to '+' evaluted to `false` so it didn't dipslay a marker at all.","16","5","2","5","1","Last Adèle in the list had a trailing whitespace. Since it was read with `upToEnd` the whitespace was part of the marker.When marker was compared to `+` it evaluated to `false` and thus not displaying the marker at all.","5","5","4","4","4","4"
"User-79d363ae-efc9-0d00-97ad-e1910d39fd8c35157383051000","Ammolite","treatment","4","4","4","4","4","4","4","3","3","4","2","2","5","5","5","2","4","1","3","3","4","4","1","1","1497","during the loading of the student data, the last Adèle on the list has a blank space after its + sign. During the group textPrintStudent: self on: aStream, the ""({ '+'. '-' } includes: student marker)"" compare the character marker, but the last Adèle comparaison add the extra blank space in it, which fails the comparaison","67","4","2","2","1","an extra blank space in the loading data of the student after the marker sign of the last Adèle","3","4","4","4","4","4"
"User-78e806d6-c2c4-0d00-a382-02b009a9bd3c50990715000000","Lights Out","treatment","4","4","3","4","3","4","5","4","4","5","4","4","4","3","3","1","3","2","3","1","4","4","1","1","2879","One light cannot be switched on because :- A cell has two variables, onColor and offColor, each containing the color for the ""on"" state and the ""off"" state- At each run of the game, one cell has their variables onColor and offColor with the same values, the original value of offColor. The cell therefore switches between the two same colorsTo fix it, I removed the method SimpleSwitchMorph::position: which calls the same method of the superclass, but also, for the first corner cell created on the game, sets the value of ""onColor"" to the one of ""offColor"".","193","2","4","5","1","A setter (SimpleSwitchMorph::position:) was replacing the value of the variable ""onColor"" with the value of the variable ""offColor"" (so that onColor == offColor) for the first corner cell that was created.Therefore, switching the tile did change its color, but the two colors were the same.","5","4","5","3","4","4"
"User-fa80d14e-68d5-0d00-a367-1c5903d733c337072906518000","Ammolite","treatment","3","4","3","3","4","4","3","3","3","3","3","3","4","3","2","1","3","1","3","3","3","3","0","2","717","","2","2","5","4","2","","0","0","0","0","0","0"
"Pilot-N-User-84452878-acb5-0d00-895f-08d80c0c5a6451052146095000","Lights Out","treatment","5","5","4","5","5","5","3","2","2","2","3","2","5","4","2","1","5","1","3","2","4","2","1","1","2035","There was a 'getCorner' function implement ted in the Cell superclass that chose a random corner's onColor to be rplaced by the offColor by the position function. I removed the get Corner and setCorner functions and removed their calls from the position function.","148","4","4","5","1","","0","0","0","0","0","0"
